iter	Logloss
0	0.5765917587
1	0.4908421326
2	0.4160727692
3	0.3757505035
4	0.3398685455
