{
  "benchmark_id": "benchmark_20250813062826558938",
  "test_name": "multi_symbol_detection",
  "scenario": "multi_symbol",
  "timestamp": "2025-08-13T06:28:26.559025",
  "execution_time_ms": 50.92513561248779,
  "memory_usage_mb": 0.7265625,
  "cpu_utilization": 7.175,
  "throughput_ops_per_sec": 19.636726505404813,
  "metadata": {
    "iterations": 2,
    "total_iterations": 2,
    "execution_time_stats": {
      "mean": 50.92513561248779,
      "median": 50.92513561248779,
      "min": 50.83751678466797,
      "max": 51.01275444030762,
      "stdev": 0.12391173462202845
    },
    "memory_stats": {
      "mean": 0.7265625,
      "median": 0.7265625,
      "min": 0.7265625,
      "max": 0.7265625,
      "stdev": 0.0
    },
    "cpu_stats": {
      "mean": 7.175,
      "median": 7.175,
      "min": 0.0,
      "max": 14.35,
      "stdev": 10.146982310026956
    },
    "throughput_stats": {
      "mean": 19.636726505404813,
      "median": 19.636726505404813,
      "min": 19.60294069535387,
      "max": 19.670512315455756,
      "stdev": 0.047780350789805685
    }
  }
}