{
  "benchmark_id": "benchmark_20250813062827059868",
  "test_name": "single_symbol_detection_cold_start",
  "scenario": "cold_start",
  "timestamp": "2025-08-13T06:28:27.059927",
  "execution_time_ms": 50.90181032816569,
  "memory_usage_mb": 0.7265625,
  "cpu_utilization": 0.0,
  "throughput_ops_per_sec": 19.646226427246525,
  "metadata": {
    "iterations": 3,
    "total_iterations": 3,
    "execution_time_stats": {
      "mean": 50.90181032816569,
      "median": 50.81343650817871,
      "min": 50.621747970581055,
      "max": 51.270246505737305,
      "stdev": 0.3331591760244174
    },
    "memory_stats": {
      "mean": 0.7265625,
      "median": 0.7265625,
      "min": 0.7265625,
      "max": 0.7265625,
      "stdev": 0.0
    },
    "cpu_stats": {
      "mean": 0.0,
      "median": 0.0,
      "min": 0.0,
      "max": 0.0,
      "stdev": 0.0
    },
    "throughput_stats": {
      "mean": 19.646226427246525,
      "median": 19.679834089533472,
      "min": 19.504489799714477,
      "max": 19.75435539249163,
      "stdev": 0.12827825161251766
    }
  }
}