{
  "benchmark_id": "benchmark_20250813063612869307",
  "test_name": "scaling_test_5_symbols",
  "scenario": "scaling_test",
  "timestamp": "2025-08-13T06:36:12.869345",
  "execution_time_ms": 101.02784633636475,
  "memory_usage_mb": 0.265625,
  "cpu_utilization": 0.0,
  "throughput_ops_per_sec": 9.898355616585691,
  "metadata": {
    "iterations": 2,
    "total_iterations": 2,
    "execution_time_stats": {
      "mean": 101.02784633636475,
      "median": 101.02784633636475,
      "min": 100.71563720703125,
      "max": 101.34005546569824,
      "stdev": 0.44153038500012587
    },
    "memory_stats": {
      "mean": 0.265625,
      "median": 0.265625,
      "min": 0.265625,
      "max": 0.265625,
      "stdev": 0.0
    },
    "cpu_stats": {
      "mean": 0.0,
      "median": 0.0,
      "min": 0.0,
      "max": 0.0,
      "stdev": 0.0
    },
    "throughput_stats": {
      "mean": 9.898355616585691,
      "median": 9.898355616585691,
      "min": 9.867766456260544,
      "max": 9.92894477691084,
      "stdev": 0.04325960539342902
    }
  }
}