{
  "benchmark_id": "benchmark_20250813063612251486",
  "test_name": "scaling_test_1_symbols",
  "scenario": "scaling_test",
  "timestamp": "2025-08-13T06:36:12.251530",
  "execution_time_ms": 20.553946495056152,
  "memory_usage_mb": 0.265625,
  "cpu_utilization": 0.0,
  "throughput_ops_per_sec": 48.65273895566351,
  "metadata": {
    "iterations": 2,
    "total_iterations": 2,
    "execution_time_stats": {
      "mean": 20.553946495056152,
      "median": 20.553946495056152,
      "min": 20.504474639892578,
      "max": 20.603418350219727,
      "stdev": 0.06996376852808409
    },
    "memory_stats": {
      "mean": 0.265625,
      "median": 0.265625,
      "min": 0.265625,
      "max": 0.265625,
      "stdev": 0.0
    },
    "cpu_stats": {
      "mean": 0.0,
      "median": 0.0,
      "min": 0.0,
      "max": 0.0,
      "stdev": 0.0
    },
    "throughput_stats": {
      "mean": 48.65273895566351,
      "median": 48.65273895566351,
      "min": 48.53563534952613,
      "max": 48.769842561800886,
      "stdev": 0.16560950800227564
    }
  }
}